{
    "train_accuracy": 0.9997048643717635,
    "test_accuracy": 0.9995438823216389,
    "test_precision": 0.7916666666666666,
    "test_recall": 0.95,
    "test_f1": 0.8636363636363636,
    "test_auc": 0.9999457535498115
}