{
    "SoH": 0.2558438181877136,
    "Battery_Temperature": 0.6067318916320801,
    "Charge_Cycles": 0.1260756403207779,
    "Battery_Voltage": 0.0019982592202723026,
    "Battery_Current": 0.003924060612916946,
    "Power_Consumption": 0.0022698191460222006,
    "Component_Health_Score": 0.0031565320678055286
}