{
    "SoH": 0.4400472342967987,
    "Battery_Temperature": 0.034177765250205994,
    "Charge_Cycles": 0.5171613693237305,
    "Battery_Voltage": 0.002124193822965026,
    "Battery_Current": 0.0021750610321760178,
    "Power_Consumption": 0.002212855266407132,
    "Component_Health_Score": 0.002101501915603876
}