{
    "train_r2": 0.9992758505322482,
    "test_r2": 0.9981493985086252,
    "train_rmse": 5.251892709242629,
    "test_rmse": 8.434783898512473,
    "train_mae": 1.6302139610635173,
    "test_mae": 2.0562218484922568
}